"V1","V2"
"Anthony_Kennedy","109.883095580698"
"Antonin_Scalia","162.143919912832"
"John_G_Roberts","153.163912684749"
"Ruth_Bader_Ginsburg","141.993178469111"
"Samuel_Alito","91.0711691838262"
"Sonia_Sotomayor","160.668095750065"
"Stephen_G_Breyer","121.474321786166"
"Anthony_Kennedy","124.648262317107"
"Antonin_Scalia","150.761749285885"
"Elena_Kagan","172.617206032644"
"John_G_Roberts","146.678948384081"
"Ruth_Bader_Ginsburg","191.920339813178"
"Samuel_Alito","122.340560333208"
"Sonia_Sotomayor","166.141734962601"
"Stephen_G_Breyer","106.038638443503"
"Anthony_Kennedy","110.107860418107"
"Antonin_Scalia","161.877774715246"
"Elena_Kagan","151.528506409484"
"John_G_Roberts","156.296153999809"
"Ruth_Bader_Ginsburg","163.762952561164"
"Sonia_Sotomayor","163.848704154721"
"Stephen_G_Breyer","198.675561228648"
"Anthony_Kennedy","115.86699613126"
"Antonin_Scalia","171.566085978923"
"Elena_Kagan","170.874406018959"
"John_G_Roberts","166.222242547324"
"Ruth_Bader_Ginsburg","150.885688198388"
"Samuel_Alito","84.9331636387787"
"Sonia_Sotomayor","176.079023722778"
"Stephen_G_Breyer","135.16855744403"
"Anthony_Kennedy","101.579993546576"
"Antonin_Scalia","182.328020621943"
"Elena_Kagan","159.383530357035"
"John_G_Roberts","157.384943470387"
"Ruth_Bader_Ginsburg","141.370427264243"
"Samuel_Alito","95.4893853844081"
"Sonia_Sotomayor","161.965206307136"
"Stephen_G_Breyer","103.974300617801"
"Anthony_Kennedy","111.542518742536"
"Antonin_Scalia","136.608836984423"
"Elena_Kagan","168.344011625538"
"John_G_Roberts","158.39865366461"
"Ruth_Bader_Ginsburg","162.74951315494"
"Samuel_Alito","104.68881589395"
"Sonia_Sotomayor","223.181117458661"
"Stephen_G_Breyer","128.41430731919"
"Anthony_Kennedy","115.964758318676"
"Antonin_Scalia","157.043558925414"
"Elena_Kagan","153.182011073773"
"John_G_Roberts","143.572381384981"
"Ruth_Bader_Ginsburg","169.672651222022"
"Samuel_Alito","89.8604581267094"
"Sonia_Sotomayor","159.588966364365"
"Stephen_G_Breyer","123.293989215342"
"Anthony_Kennedy","114.553813497117"
"Antonin_Scalia","178.688135746306"
"Elena_Kagan","151.009629506103"
"John_G_Roberts","165.736122969057"
"Ruth_Bader_Ginsburg","173.559775461032"
"Samuel_Alito","120.859624310887"
"Sonia_Sotomayor","204.020789479318"
"Stephen_G_Breyer","134.765742247991"
