case_id,model_predict,model_vote,actual_vote
"""02-722""",Rehnquist,reverse,reverse
"""02-722""",O'Connor,reverse,reverse
"""02-722""",Scalia,reverse,affirm
"""02-722""",Kennedy,reverse,reverse
"""02-722""",Souter,reverse,reverse
"""02-722""",Thomas,reverse,affirm
"""02-722""",Ginsburg,reverse,affirm
"""02-722""",Breyer,reverse,reverse
"""02-722""",Stevens,affirm,reverse
"""01-1418""",Rehnquist,reverse,reverse
"""01-1418""",O'Connor,reverse,reverse
"""01-1418""",Scalia,reverse,reverse
"""01-1418""",Kennedy,reverse,reverse
"""01-1418""",Thomas,reverse,affirm
"""01-1418""",Breyer,reverse,reverse
"""01-1418""",Stevens,affirm,affirm
"""01-1418""",Souter,affirm,reverse
"""01-1418""",Ginsburg,affirm,reverse
"""01-705""",Rehnquist,reverse,reverse
"""01-705""",Stevens,reverse,reverse
"""01-705""",O'Connor,reverse,affirm
"""01-705""",Scalia,reverse,affirm
"""01-705""",Kennedy,reverse,reverse
"""01-705""",Souter,reverse,reverse
"""01-705""",Thomas,reverse,affirm
"""01-705""",Ginsburg,reverse,reverse
"""01-705""",Breyer,reverse,reverse
"""02-306""",Rehnquist,reverse,reverse
"""02-306""",O'Connor,reverse,reverse
"""02-306""",Scalia,reverse,affirm
"""02-306""",Kennedy,reverse,reverse
"""02-306""",Thomas,reverse,affirm
"""02-306""",Stevens,affirm,reverse
"""02-306""",Souter,affirm,reverse
"""02-306""",Ginsburg,affirm,reverse
"""02-306""",Breyer,affirm,reverse
"""01-1209""",Rehnquist,reverse,affirm
"""01-1209""",O'Connor,reverse,affirm
"""01-1209""",Scalia,reverse,reverse
"""01-1209""",Kennedy,reverse,affirm
"""01-1209""",Souter,reverse,affirm
"""01-1209""",Thomas,reverse,reverse
"""01-1209""",Ginsburg,reverse,affirm
"""01-1209""",Breyer,reverse,affirm
"""01-1209""",Stevens,affirm,affirm
"""01-1437""",Rehnquist,reverse,affirm
"""01-1437""",O'Connor,reverse,reverse
"""01-1437""",Scalia,reverse,affirm
"""01-1437""",Kennedy,reverse,affirm
"""01-1437""",Thomas,reverse,reverse
"""01-1437""",Stevens,affirm,affirm
"""01-1437""",Souter,affirm,affirm
"""01-1437""",Ginsburg,affirm,affirm
"""01-1437""",Breyer,affirm,affirm
"""02-337""",Stevens,reverse,affirm
"""02-337""",O'Connor,reverse,affirm
"""02-337""",Souter,reverse,affirm
"""02-337""",Ginsburg,reverse,affirm
"""02-337""",Breyer,reverse,affirm
"""02-337""",Rehnquist,affirm,affirm
"""02-337""",Scalia,affirm,affirm
"""02-337""",Kennedy,affirm,affirm
"""02-337""",Thomas,affirm,affirm
"""02-42""",Stevens,reverse,affirm
"""02-42""",O'Connor,reverse,affirm
"""02-42""",Scalia,reverse,affirm
"""02-42""",Souter,reverse,affirm
"""02-42""",Ginsburg,reverse,affirm
"""02-42""",Breyer,reverse,affirm
"""02-42""",Rehnquist,affirm,affirm
"""02-42""",Kennedy,affirm,affirm
"""02-42""",Thomas,affirm,affirm
"""01-1444""",Rehnquist,reverse,reverse
"""01-1444""",O'Connor,reverse,reverse
"""01-1444""",Scalia,reverse,reverse
"""01-1444""",Kennedy,reverse,affirm
"""01-1444""",Thomas,reverse,reverse
"""01-1444""",Breyer,reverse,reverse
"""01-1444""",Stevens,affirm,affirm
"""01-1444""",Souter,affirm,reverse
"""01-1444""",Ginsburg,affirm,affirm
"""01-1435""",Rehnquist,reverse,reverse
"""01-1435""",O'Connor,reverse,reverse
"""01-1435""",Scalia,reverse,reverse
"""01-1435""",Kennedy,reverse,reverse
"""01-1435""",Souter,reverse,reverse
"""01-1435""",Thomas,reverse,reverse
"""01-1435""",Ginsburg,reverse,affirm
"""01-1435""",Breyer,reverse,affirm
"""01-1435""",Stevens,affirm,reverse
"""01-1500""",Stevens,reverse,reverse
"""01-1500""",Scalia,reverse,reverse
"""01-1500""",Souter,reverse,reverse
"""01-1500""",Ginsburg,reverse,reverse
"""01-1500""",Breyer,reverse,reverse
"""01-1500""",Rehnquist,affirm,reverse
"""01-1500""",O'Connor,affirm,reverse
"""01-1500""",Kennedy,affirm,reverse
"""01-1500""",Thomas,affirm,reverse
"""01-1231""",Rehnquist,reverse,reverse
"""01-1231""",Stevens,reverse,reverse
"""01-1231""",O'Connor,reverse,reverse
"""01-1231""",Scalia,reverse,reverse
"""01-1231""",Kennedy,reverse,reverse
"""01-1231""",Souter,reverse,reverse
"""01-1231""",Thomas,reverse,reverse
"""01-1231""",Ginsburg,reverse,reverse
"""01-1231""",Breyer,reverse,reverse
"""01-1572""",Rehnquist,reverse,affirm
"""01-1572""",O'Connor,reverse,affirm
"""01-1572""",Kennedy,reverse,affirm
"""01-1572""",Thomas,reverse,affirm
"""01-1572""",Breyer,reverse,affirm
"""01-1572""",Stevens,affirm,affirm
"""01-1572""",Scalia,affirm,affirm
"""01-1572""",Souter,affirm,affirm
"""01-1572""",Ginsburg,affirm,affirm
"""01-1269""",Rehnquist,reverse,reverse
"""01-1269""",O'Connor,reverse,reverse
"""01-1269""",Scalia,reverse,reverse
"""01-1269""",Kennedy,reverse,reverse
"""01-1269""",Souter,reverse,reverse
"""01-1269""",Thomas,reverse,reverse
"""01-1269""",Ginsburg,reverse,reverse
"""01-1269""",Breyer,reverse,reverse
"""01-1269""",Stevens,affirm,reverse
"""02-428""",Rehnquist,reverse,reverse
"""02-428""",Stevens,reverse,reverse
"""02-428""",O'Connor,reverse,reverse
"""02-428""",Scalia,reverse,reverse
"""02-428""",Kennedy,reverse,reverse
"""02-428""",Souter,reverse,reverse
"""02-428""",Thomas,reverse,reverse
"""02-428""",Ginsburg,reverse,reverse
"""01-1491""",Rehnquist,reverse,reverse
"""01-1491""",Stevens,reverse,affirm
"""01-1491""",O'Connor,reverse,reverse
"""01-1491""",Scalia,reverse,reverse
"""01-1491""",Kennedy,reverse,reverse
"""01-1491""",Souter,reverse,affirm
"""01-1491""",Thomas,reverse,reverse
"""01-1491""",Ginsburg,reverse,affirm
"""01-1491""",Breyer,reverse,affirm
"""02-299""",Rehnquist,reverse,reverse
"""02-299""",O'Connor,reverse,reverse
"""02-299""",Scalia,reverse,reverse
"""02-299""",Kennedy,reverse,reverse
"""02-299""",Thomas,reverse,reverse
"""02-299""",Breyer,reverse,reverse
"""02-299""",Stevens,affirm,reverse
"""02-299""",Souter,affirm,reverse
"""02-299""",Ginsburg,affirm,reverse
"""01-6978""",Stevens,reverse,reverse
"""01-6978""",O'Connor,reverse,affirm
"""01-6978""",Scalia,reverse,affirm
"""01-6978""",Souter,reverse,reverse
"""01-6978""",Ginsburg,reverse,reverse
"""01-6978""",Breyer,reverse,reverse
"""01-6978""",Rehnquist,affirm,affirm
"""01-6978""",Kennedy,affirm,affirm
"""01-6978""",Thomas,affirm,affirm
"""01-653""",O'Connor,reverse,affirm
"""01-653""",Breyer,reverse,reverse
"""01-653""",Rehnquist,affirm,affirm
"""01-653""",Stevens,affirm,affirm
"""01-653""",Scalia,affirm,affirm
"""01-653""",Kennedy,affirm,affirm
"""01-653""",Souter,affirm,affirm
"""01-653""",Thomas,affirm,affirm
"""01-653""",Ginsburg,affirm,affirm
"""02-403""",Stevens,reverse,reverse
"""02-403""",O'Connor,reverse,reverse
"""02-403""",Souter,reverse,reverse
"""02-403""",Ginsburg,reverse,reverse
"""02-403""",Breyer,reverse,reverse
"""02-403""",Rehnquist,affirm,reverse
"""02-403""",Scalia,affirm,affirm
"""02-403""",Kennedy,affirm,reverse
"""02-403""",Thomas,affirm,affirm
"""02-695""",Rehnquist,reverse,reverse
"""02-695""",O'Connor,reverse,reverse
"""02-695""",Scalia,reverse,reverse
"""02-695""",Kennedy,reverse,reverse
"""02-695""",Thomas,reverse,reverse
"""02-695""",Stevens,affirm,reverse
"""02-695""",Souter,affirm,reverse
"""02-695""",Ginsburg,affirm,reverse
"""02-695""",Breyer,affirm,reverse
"""02-182""",Rehnquist,reverse,reverse
"""02-182""",O'Connor,reverse,reverse
"""02-182""",Scalia,reverse,reverse
"""02-182""",Kennedy,reverse,reverse
"""02-182""",Thomas,reverse,reverse
"""02-182""",Stevens,affirm,affirm
"""02-182""",Souter,affirm,affirm
"""02-182""",Ginsburg,affirm,affirm
"""02-182""",Breyer,affirm,affirm
"""02-516""",Rehnquist,reverse,reverse
"""02-516""",O'Connor,reverse,reverse
"""02-516""",Scalia,reverse,reverse
"""02-516""",Kennedy,reverse,reverse
"""02-516""",Thomas,reverse,reverse
"""02-516""",Stevens,affirm,affirm
"""02-516""",Souter,affirm,affirm
"""02-516""",Ginsburg,affirm,affirm
"""02-516""",Breyer,affirm,reverse
"""02-634""",Rehnquist,reverse,affirm
"""02-634""",O'Connor,reverse,affirm
"""02-634""",Scalia,reverse,reverse
"""02-634""",Kennedy,reverse,affirm
"""02-634""",Souter,reverse,reverse
"""02-634""",Thomas,reverse,affirm
"""02-634""",Ginsburg,reverse,reverse
"""02-634""",Breyer,reverse,reverse
"""02-634""",Stevens,affirm,reverse
"""02-241""",Rehnquist,reverse,reverse
"""02-241""",O'Connor,reverse,affirm
"""02-241""",Scalia,reverse,reverse
"""02-241""",Kennedy,reverse,reverse
"""02-241""",Thomas,reverse,reverse
"""02-241""",Stevens,affirm,affirm
"""02-241""",Souter,affirm,affirm
"""02-241""",Ginsburg,affirm,affirm
"""02-241""",Breyer,affirm,affirm
"""01-950""",Stevens,reverse,reverse
"""01-950""",O'Connor,reverse,reverse
"""01-950""",Souter,reverse,reverse
"""01-950""",Ginsburg,reverse,reverse
"""01-950""",Breyer,reverse,reverse
"""01-950""",Rehnquist,affirm,reverse
"""01-950""",Scalia,affirm,reverse
"""01-950""",Kennedy,affirm,reverse
"""01-950""",Thomas,affirm,reverse
"""01-800""",Rehnquist,reverse,reverse
"""01-800""",Scalia,reverse,reverse
"""01-800""",Kennedy,reverse,reverse
"""01-800""",Thomas,reverse,reverse
"""01-800""",Stevens,affirm,reverse
"""01-800""",Souter,affirm,reverse
"""01-800""",Ginsburg,affirm,reverse
"""01-800""",Breyer,affirm,reverse
"""02-281""",Rehnquist,reverse,reverse
"""02-281""",O'Connor,reverse,reverse
"""02-281""",Scalia,reverse,reverse
"""02-281""",Kennedy,reverse,reverse
"""02-281""",Souter,reverse,reverse
"""02-281""",Thomas,reverse,reverse
"""02-281""",Ginsburg,reverse,reverse
"""02-281""",Breyer,reverse,reverse
"""02-281""",Stevens,affirm,reverse
"""02-258""",Stevens,reverse,reverse
"""02-258""",Souter,reverse,reverse
"""02-258""",Ginsburg,reverse,reverse
"""02-258""",Breyer,reverse,reverse
"""02-258""",Rehnquist,affirm,reverse
"""02-258""",O'Connor,affirm,reverse
"""02-258""",Scalia,affirm,reverse
"""02-258""",Kennedy,affirm,reverse
"""02-258""",Thomas,affirm,reverse
"""00-1471""",O'Connor,reverse,affirm
"""00-1471""",Souter,reverse,affirm
"""00-1471""",Ginsburg,reverse,affirm
"""00-1471""",Breyer,reverse,affirm
"""00-1471""",Rehnquist,affirm,affirm
"""00-1471""",Stevens,affirm,affirm
"""00-1471""",Scalia,affirm,affirm
"""00-1471""",Kennedy,affirm,affirm
"""00-1471""",Thomas,affirm,affirm
"""02-102""",Stevens,reverse,reverse
"""02-102""",O'Connor,reverse,reverse
"""02-102""",Souter,reverse,reverse
"""02-102""",Ginsburg,reverse,reverse
"""02-102""",Breyer,reverse,reverse
"""02-102""",Rehnquist,affirm,affirm
"""02-102""",Scalia,affirm,affirm
"""02-102""",Kennedy,affirm,reverse
"""02-102""",Thomas,affirm,affirm
"""01-1127""",Rehnquist,reverse,reverse
"""01-1127""",O'Connor,reverse,reverse
"""01-1127""",Scalia,reverse,reverse
"""01-1127""",Kennedy,reverse,reverse
"""01-1127""",Souter,reverse,affirm
"""01-1127""",Thomas,reverse,reverse
"""01-1127""",Ginsburg,reverse,affirm
"""01-1127""",Breyer,reverse,affirm
"""01-1127""",Stevens,affirm,affirm
"""01-1559""",Stevens,reverse,reverse
"""01-1559""",Scalia,reverse,reverse
"""01-1559""",Souter,reverse,reverse
"""01-1559""",Ginsburg,reverse,reverse
"""01-1559""",Breyer,reverse,reverse
"""01-1559""",Rehnquist,affirm,reverse
"""01-1559""",O'Connor,affirm,reverse
"""01-1559""",Kennedy,affirm,reverse
"""01-1559""",Thomas,affirm,reverse
"""01-1120""",Rehnquist,reverse,reverse
"""01-1120""",O'Connor,reverse,reverse
"""01-1120""",Scalia,reverse,reverse
"""01-1120""",Kennedy,reverse,reverse
"""01-1120""",Souter,reverse,reverse
"""01-1120""",Thomas,reverse,reverse
"""01-1120""",Ginsburg,reverse,reverse
"""01-1120""",Breyer,reverse,reverse
"""01-1120""",Stevens,affirm,reverse
"""01-7662""",Stevens,reverse,reverse
"""01-7662""",O'Connor,reverse,reverse
"""01-7662""",Scalia,reverse,reverse
"""01-7662""",Souter,reverse,reverse
"""01-7662""",Ginsburg,reverse,reverse
"""01-7662""",Breyer,reverse,reverse
"""01-7662""",Rehnquist,affirm,reverse
"""01-7662""",Kennedy,affirm,reverse
"""01-7662""",Thomas,affirm,affirm
"""01-1015""",Rehnquist,reverse,reverse
"""01-1015""",Stevens,reverse,reverse
"""01-1015""",O'Connor,reverse,reverse
"""01-1015""",Scalia,reverse,reverse
"""01-1015""",Kennedy,reverse,reverse
"""01-1015""",Souter,reverse,reverse
"""01-1015""",Thomas,reverse,reverse
"""01-1015""",Ginsburg,reverse,reverse
"""01-1015""",Breyer,reverse,reverse
"""02-196""",Stevens,reverse,reverse
"""02-196""",Souter,reverse,reverse
"""02-196""",Ginsbug,reverse,reverse
"""02-196""",Rehnquist,affirm,reverse
"""02-196""",O'Connor,affirm,affirm
"""02-196""",Scalia,affirm,reverse
"""02-196""",Kennedy,affirm,reverse
"""02-196""",Thomas,affirm,reverse
"""02-196""",Breyer,affirm,affirm
"""01-10873""",Stevens,reverse,reverse
"""01-10873""",Scalia,reverse,affirm
"""01-10873""",Souter,reverse,reverse
"""01-10873""",Ginsburg,reverse,affirm
"""01-10873""",Breyer,reverse,affirm
"""01-10873""",Rehnquist,affirm,affirm
"""01-10873""",O'Connor,affirm,reverse
"""01-10873""",Kennedy,affirm,reverse
"""01-10873""",Thomas,affirm,reverse
"""01-963""",Rehnquist,reverse,reverse
"""01-963""",O'Connor,reverse,reverse
"""01-963""",Scalia,reverse,affirm
"""01-963""",Kennedy,reverse,reverse
"""01-963""",Souter,reverse,affirm
"""01-963""",Thomas,reverse,affirm
"""01-963""",Ginsburg,reverse,affirm
"""01-963""",Breyer,reverse,reverse
"""01-963""",Stevens,affirm,affirm
"""01-1118""",Rehnquist,reverse,reverse
"""01-1118""",O'Connor,reverse,reverse
"""01-1118""",Scalia,reverse,reverse
"""01-1118""",Kennedy,reverse,reverse
"""01-1118""",Thomas,reverse,reverse
"""01-1118""",Breyer,reverse,reverse
"""01-1118""",Stevens,affirm,affirm
"""01-1118""",Souter,affirm,reverse
"""01-1118""",Ginsburg,affirm,reverse
"""01-1368""",Rehnquist,reverse,affirm
"""01-1368""",Stevens,reverse,affirm
"""01-1368""",O'Connor,reverse,affirm
"""01-1368""",Scalia,reverse,reverse
"""01-1368""",Kennedy,reverse,reverse
"""01-1368""",Souter,reverse,affirm
"""01-1368""",Thomas,reverse,reverse
"""01-1368""",Ginsburg,reverse,affirm
"""01-1368""",Breyer,reverse,affirm
"""02-94""",Rehnquist,reverse,reverse
"""02-94""",O'Connor,reverse,reverse
"""02-94""",Scalia,reverse,reverse
"""02-94""",Kennedy,reverse,reverse
"""02-94""",Souter,reverse,reverse
"""02-94""",Thomas,reverse,reverse
"""02-94""",Ginsburg,reverse,reverse
"""02-94""",Breyer,reverse,reverse
"""02-94""",Stevens,affirm,reverse
"""02-215""",Rehnquist,reverse,reverse
"""02-215""",O'Connor,reverse,reverse
"""02-215""",Scalia,reverse,reverse
"""02-215""",Kennedy,reverse,reverse
"""02-215""",Breyer,reverse,reverse
"""02-215""",Stevens,affirm,reverse
"""02-215""",Souter,affirm,reverse
"""02-215""",Ginsburg,affirm,reverse
"""01-0593""",Rehnquist,reverse,affirm
"""01-0593""",O'Connor,reverse,affirm
"""01-0593""",Scalia,reverse,affirm
"""01-0593""",Kennedy,reverse,affirm
"""01-0593""",Souter,reverse,affirm
"""01-0593""",Thomas,reverse,affirm
"""01-0593""",Ginsburg,reverse,affirm
"""01-0593""",Breyer,reverse,affirm
"""01-0593""",Stevens,affirm,affirm
"""01-1229""",Rehnquist,reverse,reverse
"""01-1229""",O'Connor,reverse,reverse
"""01-1229""",Scalia,reverse,reverse
"""01-1229""",Kennedy,reverse,reverse
"""01-1229""",Souter,reverse,reverse
"""01-1229""",Thomas,reverse,reverse
"""01-1229""",Ginsburg,reverse,reverse
"""01-1229""",Breyer,reverse,reverse
"""01-1229""",Stevens,affirm,reverse
"""01-0188""",O'Connor,reverse,reverse
"""01-0188""",Breyer,reverse,affirm
"""01-0188""",Rehnquist,affirm,reverse
"""01-0188""",Stevens,affirm,affirm
"""01-0188""",Scalia,affirm,affirm
"""01-0188""",Kennedy,affirm,reverse
"""01-0188""",Souter,affirm,affirm
"""01-0188""",Thomas,affirm,affirm
"""01-0188""",Ginsburg,affirm,affirm
"""02-524""",Rehnquist,reverse,reverse
"""02-524""",O'Connor,reverse,reverse
"""02-524""",Scalia,reverse,reverse
"""02-524""",Kennedy,reverse,reverse
"""02-524""",Souter,reverse,reverse
"""02-524""",Thomas,reverse,reverse
"""02-524""",Ginsburg,reverse,reverse
"""02-524""",Breyer,reverse,reverse
"""02-524""",Stevens,affirm,reverse
"""02-69""",Rehnquist,reverse,reverse
"""02-69""",O'Connor,reverse,reverse
"""02-69""",Scalia,reverse,affirm
"""02-69""",Kennedy,reverse,affirm
"""02-69""",Thomas,reverse,affirm
"""02-69""",Stevens,affirm,affirm
"""02-69""",Souter,affirm,reverse
"""02-69""",Ginsburg,affirm,reverse
"""02-69""",Breyer,affirm,reverse
"""01-1806""",Rehnquist,reverse,reverse
"""01-1806""",Stevens,reverse,reverse
"""01-1806""",O'Connor,reverse,reverse
"""01-1806""",Scalia,reverse,reverse
"""01-1806""",Kennedy,reverse,reverse
"""01-1806""",Thomas,reverse,reverse
"""01-1806""",Breyer,reverse,reverse
"""01-1806""",Souter,affirm,reverse
"""01-1806""",Ginsburg,affirm,reverse
"""01-7574""",Stevens,reverse,reverse
"""01-7574""",Souter,reverse,reverse
"""01-7574""",Ginsburg,reverse,reverse
"""01-7574""",Rehnquist,affirm,affirm
"""01-7574""",O'Connor,affirm,affirm
"""01-7574""",Scalia,affirm,affirm
"""01-7574""",Kennedy,affirm,affirm
"""01-7574""",Breyer,affirm,reverse
"""02-5664""",Stevens,reverse,reverse
"""02-5664""",Souter,reverse,reverse
"""02-5664""",Ginsburg,reverse,reverse
"""02-5664""",Breyer,reverse,reverse
"""02-5664""",Rehnquist,affirm,reverse
"""02-5664""",O'Connor,affirm,affirm
"""02-5664""",Scalia,affirm,affirm
"""02-5664""",Kennedy,affirm,reverse
"""02-5664""",Thomas,affirm,affirm
"""01-729""",Rehnquist,reverse,reverse
"""01-729""",O'Connor,reverse,reverse
"""01-729""",Scalia,reverse,reverse
"""01-729""",Kennedy,reverse,reverse
"""01-729""",Souter,reverse,reverse
"""01-729""",Thomas,reverse,reverse
"""01-729""",Ginsburg,reverse,affirm
"""01-729""",Breyer,reverse,affirm
"""01-729""",Stevens,affirm,affirm
"""01-706""",Rehnquist,reverse,reverse
"""01-706""",O'Connor,reverse,reverse
"""01-706""",Kennedy,reverse,reverse
"""01-706""",Thomas,reverse,reverse
"""01-706""",Stevens,affirm,reverse
"""01-706""",Scalia,affirm,reverse
"""01-706""",Souter,affirm,reverse
"""01-706""",Ginsburg,affirm,reverse
"""01-706""",Breyer,affirm,reverse
"""01-1289""",Rehnquist,reverse,reverse
"""01-1289""",O'Connor,reverse,reverse
"""01-1289""",Scalia,reverse,affirm
"""01-1289""",Kennedy,reverse,reverse
"""01-1289""",Thomas,reverse,affirm
"""01-1289""",Stevens,affirm,reverse
"""01-1289""",Souter,affirm,reverse
"""01-1289""",Ginsburg,affirm,affirm
"""01-1289""",Breyer,affirm,reverse
"""01-1757""",Stevens,reverse,reverse
"""01-1757""",O'Connor,reverse,reverse
"""01-1757""",Scalia,reverse,affirm
"""01-1757""",Souter,reverse,reverse
"""01-1757""",Ginsburg,reverse,reverse
"""01-1757""",Breyer,reverse,reverse
"""01-1757""",Rehnquist,affirm,affirm
"""01-1757""",Kennedy,affirm,affirm
"""01-1757""",Thomas,affirm,affirm
"""01-757""",Stevens,reverse,affirm
"""01-757""",O'Connor,reverse,affirm
"""01-757""",Souter,reverse,affirm
"""01-757""",Ginsburg,reverse,affirm
"""01-757""",Breyer,reverse,affirm
"""01-757""",Rehnquist,affirm,affirm
"""01-757""",Scalia,affirm,affirm
"""01-757""",Kennedy,affirm,affirm
"""01-757""",Thomas,affirm,affirm
"""01-704""",Rehnquist,reverse,reverse
"""01-704""",O'Connor,reverse,reverse
"""01-704""",Scalia,reverse,reverse
"""01-704""",Kennedy,reverse,reverse
"""01-704""",Thomas,reverse,reverse
"""01-704""",Stevens,affirm,reverse
"""01-704""",Souter,affirm,reverse
"""01-704""",Ginsburg,affirm,reverse
"""01-704""",Breyer,affirm,reverse
"""02-361""",Rehnquist,reverse,reverse
"""02-361""",O'Connor,reverse,reverse
"""02-361""",Scalia,reverse,reverse
"""02-361""",Kennedy,reverse,reverse
"""02-361""",Thomas,reverse,reverse
"""02-361""",Breyer,reverse,reverse
"""02-361""",Stevens,affirm,affirm
"""02-361""",Souter,affirm,affirm
"""02-361""",Ginsburg,affirm,affirm
"""01-1375""",Rehnquist,reverse,reverse
"""01-1375""",O'Connor,reverse,affirm
"""01-1375""",Scalia,reverse,reverse
"""01-1375""",Kennedy,reverse,reverse
"""01-1375""",Thomas,reverse,reverse
"""01-1375""",Stevens,affirm,affirm
"""01-1375""",Souter,affirm,affirm
"""01-1375""",Ginsburg,affirm,reverse
"""01-1375""",Breyer,affirm,reverse
"""01-1184""",Rehnquist,reverse,reverse
"""01-1184""",O'Connor,reverse,reverse
"""01-1184""",Scalia,reverse,reverse
"""01-1184""",Kennedy,reverse,reverse
"""01-1184""",Souter,reverse,reverse
"""01-1184""",Thomas,reverse,reverse
"""01-1184""",Ginsburg,reverse,reverse
"""01-1184""",Breyer,reverse,reverse
"""01-1184""",Stevens,affirm,affirm
"""01-1067""",Rehnquist,reverse,reverse
"""01-1067""",O'Connor,reverse,affirm
"""01-1067""",Scalia,reverse,reverse
"""01-1067""",Kennedy,reverse,reverse
"""01-1067""",Thomas,reverse,reverse
"""01-1067""",Stevens,affirm,affirm
"""01-1067""",Souter,affirm,affirm
"""01-1067""",Ginsburg,affirm,affirm
"""01-1067""",Breyer,affirm,affirm
"""01-1107""",Rehnquist,reverse,reverse
"""01-1107""",Stevens,reverse,reverse
"""01-1107""",O'Connor,reverse,reverse
"""01-1107""",Scalia,reverse,reverse
"""01-1107""",Kennedy,reverse,affirm
"""01-1107""",Souter,reverse,affirm
"""01-1107""",Thomas,reverse,reverse
"""01-1107""",Ginsburg,reverse,affirm
"""01-1107""",Breyer,reverse,reverse
"""02-371""",Rehnquist,reverse,reverse
"""02-371""",O'Connor,reverse,reverse
"""02-371""",Scalia,reverse,reverse
"""02-371""",Kennedy,reverse,reverse
"""02-371""",Souter,reverse,reverse
"""02-371""",Thomas,reverse,reverse
"""02-371""",Ginsburg,reverse,reverse
"""02-371""",Breyer,reverse,reverse
"""02-371""",Stevens,affirm,reverse
"""01-1420""",Rehnquist,reverse,reverse
"""01-1420""",O'Connor,reverse,reverse
"""01-1420""",Scalia,reverse,reverse
"""01-1420""",Kennedy,reverse,reverse
"""01-1420""",Souter,reverse,reverse
"""01-1420""",Thomas,reverse,reverse
"""01-1420""",Ginsburg,reverse,reverse
"""01-1420""",Breyer,reverse,reverse
"""01-1420""",Stevens,affirm,reverse
"""02-311""",Stevens,reverse,reverse
"""02-311""",O'Connor,reverse,reverse
"""02-311""",Souter,reverse,reverse
"""02-311""",Ginsburg,reverse,reverse
"""02-311""",Breyer,reverse,reverse
"""02-311""",Rehnquist,affirm,reverse
"""02-311""",Scalia,affirm,affirm
"""02-311""",Kennedy,affirm,reverse
"""02-311""",Thomas,affirm,affirm
"""01-1325""",Stevens,reverse,affirm
"""01-1325""",O'Connor,reverse,affirm
"""01-1325""",Souter,reverse,affirm
"""01-1325""",Ginsburg,reverse,affirm
"""01-1325""",Breyer,reverse,affirm
"""01-1325""",Rehnquist,affirm,reverse
"""01-1325""",Scalia,affirm,reverse
"""01-1325""",Kennedy,affirm,reverse
"""01-1325""",Thomas,affirm,reverse
"""01-1862""",Rehnquist,reverse,reverse
"""01-1862""",O'Connor,reverse,reverse
"""01-1862""",Scalia,reverse,reverse
"""01-1862""",Kennedy,reverse,reverse
"""01-1862""",Souter,reverse,affirm
"""01-1862""",Thomas,reverse,reverse
"""01-1862""",Ginsburg,reverse,affirm
"""01-1862""",Breyer,reverse,affirm
"""01-1862""",Stevens,affirm,reverse
"""01-270""",Rehnquist,reverse,reverse
"""01-270""",O'Connor,reverse,reverse
"""01-270""",Souter,reverse,reverse
"""01-270""",Ginsburg,reverse,reverse
"""01-270""",Breyer,reverse,reverse
"""01-270""",Stevens,affirm,reverse
"""01-270""",Scalia,affirm,reverse
"""01-270""",Kennedy,affirm,reverse
"""01-270""",Thomas,affirm,reverse